street_address,tax_2021,tax_increase,delta
FLOWAGE RIGHTS,"$30,183 ",-9.7%,"-$3,248"
POWER LINES/L-37.62 MI,"$68,871 ",-4.2%,"-$2,999"
POWER LINES,"$60,841 ",-9.7%,"-$6,547"
POWER LINES,$12 ,-9.7%,-$1
ORFORD RD,"$3,827 ",17.3%,$564
ROW TOWN OF LYME,$144 ,8.3%,$11
WHIPPLE HILL RD,$9 ,-9.7%,-$1
WHIPPLE HILL RD,$74 ,-3.5%,-$3
HORTON LN,$546 ,2.0%,$11
GRAFTON TK,"$15,053 ",-0.1%,-$15
WHIPPLE HILL RD,$67 ,-9.7%,-$7
WHIPPLE HILL RD,$60 ,-9.7%,-$6
WHIPPLE HILL RD,$154 ,-9.7%,-$16
DORCHESTER RD,$67 ,-9.7%,-$7
BAKER HILL RD,"$2,926 ",-40.0%,"-$1,955"
DARTMOUTH COLLEGE HY,"$5,706 ",3.8%,$207
ORFORD RD,$55 ,-9.7%,-$6
ORFORD RD,$72 ,-9.7%,-$7
1 HIGH ST,"$35,919 ",3.7%,"$1,275"
1 DARTMOUTH COLLEGE HY,"$3,913 ",42.1%,"$1,160"
1 MARKET ST,"$33,741 ",4.9%,"$1,574"
1 ON THE COMMON (COMMON),$702 ,9.8%,$63
1 MAIN ST (33% INT),"$7,906 ",-4.0%,-$326
1 MAIN ST (67% INT),"$13,091 ",-9.6%,"-$1,390"
1 CULVER HILL LN,"$15,989 ",2.9%,$457
1 TAVERN LN,"$19,910 ",-1.1%,-$215
1 HOVEY ISLAND,"$4,744 ",9.0%,$394
1 CUTTING HILL LN,"$16,134 ",-9.5%,"-$1,690"
1 ORFORDVILLE RD,"$18,059 ",-5.0%,-$952
1 FLINT HILL RD,"$5,935 ",1.6%,$94
1 LAMBERT RG,"$8,236 ",-0.7%,-$55
1 FRANKLIN HILL RD,"$11,515 ",6.5%,$708
1 DORCHESTER RD,"$34,672 ",-2.2%,-$775
1 HAMILTON LN,"$3,769 ",26.1%,$781
1 PINNACLE RD,"$11,767 ",17.1%,"$1,717"
2 HAMILTON LN,"$19,335 ",-2.1%,-$414
2 MAPLE LN,"$4,351 ",10.3%,$406
2 BRECK HILL RD,"$12,347 ",2.9%,$343
2 ACORN HILL RD,"$3,856 ",16.4%,$543
2 SHOESTRAP RD,"$10,629 ",8.4%,$827
2 BAKER HILL RD,"$12,006 ",-5.6%,-$708
2 CANAAN LEDGE LN,"$10,403 ",-5.7%,-$628
2 ON THE COMMON,"$23,220 ",-5.0%,"-$1,216"
2 EAST THETFORD RD,"$14,868 ",17.1%,"$2,173"
3 PRESTON RD,"$10,800 ",71.7%,"$4,511"
3 TAVERN LN,"$6,510 ",19.1%,"$1,043"
3 MAPLE LN,"$8,236 ",9.8%,$732
3 HARDSCRABBLE LN,$146 ,-9.7%,-$16
3 TROUT POND LN,$197 ,-9.7%,-$21
3 MAIN ST,"$2,683 ",1.3%,$33
4 JOHN THOMSON WY,"$5,687 ",8.3%,$435
4 CREAMERY LN,"$12,355 ",18.8%,"$1,955"
4 MARKET ST,"$13,308 ",-10.4%,"-$1,552"
4 ON THE COMMON,"$27,942 ",-4.3%,"-$1,256"
4 BROOK LN,$207 ,-7.6%,-$16
4 EAST THETFORD RD,"$13,592 ",14.5%,"$1,721"
4 BRITTON LN,"$19,807 ",0.5%,$100
4 PUSHEE FALLS LN,$259 ,-2.5%,-$7
4 PINNACLE RD,"$6,655 ",-0.5%,-$31
4 TROUT POND LN (TROUT POND,"$10,475 ",-1.0%,-$103
4 CANAAN LEDGE LN,"$10,171 ",1.2%,$118
5 DORCHESTER RD,"$5,964 ",8.7%,$478
5 MARKET ST,"$3,706 ",2.5%,$91
5 BROOK LN,"$6,838 ",0.0%,-$2
5 MAIN ST,"$34,884 ",7.0%,"$2,293"
5 WILMOTT WY,"$12,908 ",9.8%,"$1,149"
5 PELTON LN,"$10,537 ",10.1%,$967
5 SLOAN LN,"$12,494 ",10.8%,"$1,215"
5 FLINT HILL RD,$387 ,15.4%,$52
6 SPRING HILL LN,"$14,904 ",16.7%,"$2,129"
6 ON THE COMMON UNIT #1,"$4,676 ",16.9%,$675
6 ON THE COMMON UNIT #5,"$4,330 ",18.2%,$667
6 WILMOTT WY,"$7,377 ",-4.6%,-$357
6 EAST THETFORD RD,"$16,370 ",26.1%,"$3,390"
6 CANAAN LEDGE LN,"$7,136 ",20.7%,"$1,226"
6 ISAAC PERKINS RD,"$14,076 ",24.8%,"$2,799"
6 ON THE COMMON UNIT #6,"$4,708 ",16.8%,$678
6 MARKET ST,"$7,894 ",-1.9%,-$154
6 ON THE COMMON UNIT #2,"$4,751 ",23.5%,$904
6 ON THE COMMON UNIT #3,"$4,431 ",17.8%,$670
6 ON THE COMMON UNIT #4,"$5,018 ",15.7%,$681
7 DORCHESTER RD,"$17,494 ",-4.6%,-$842
7 HEWS LN,"$6,354 ",-4.5%,-$297
7 MARKET ST,"$7,259 ",-9.2%,-$736
7 WILMOTT WY,"$4,561 ",28.7%,"$1,018"
7 MAIN ST,"$12,285 ",-1.6%,-$197
7 TURNER LN,"$8,761 ",1.8%,$153
7 BRITTON LN,"$13,500 ",17.5%,"$2,010"
7 RECORDRIDGE LN,$296 ,-9.7%,-$31
7 GREGORY RD,"$15,883 ",-8.6%,"-$1,488"
7 MASA MOREY LN,"$12,251 ",6.5%,$748
7 HORTON LN,"$8,376 ",5.6%,$442
7 SLOAN LN,"$5,119 ",22.9%,$955
7 LAMBERT RG,"$2,125 ",-0.7%,-$15
7 TAVERN LN,"$32,239 ",-4.6%,"-$1,544"
7 CLAFLIN LN,"$3,350 ",10.8%,$327
7 BLISS LN,"$17,448 ",-4.3%,-$776
7 HAMILTON LN,"$11,837 ",-8.3%,"-$1,074"
8 HIGH ST,"$3,478 ",6.9%,$226
8 MARKET ST,"$6,686 ",-8.4%,-$613
8 ON THE COMMON,"$8,318 ",-2.3%,-$197
8 HEWS LN,"$8,725 ",7.8%,$632
8 EAST THETFORD RD,"$6,193 ",9.3%,$528
8 PUSHEE FALLS LN,"$7,115 ",11.1%,$709
8 GOODELL LN,$2 ,-9.7%,$0
8 SLOAN LN,"$8,535 ",-6.0%,-$542
8 LAMBERT RG,"$1,374 ",-0.7%,-$9
8 FLINT HILL RD,"$10,759 ",-1.5%,-$168
8 TAVERN LN,"$27,184 ",11.1%,"$2,713"
8 ACORN HILL RD,"$18,695 ",-2.3%,-$449
9 MAIN ST,"$45,956 ",11.0%,"$4,562"
9 GREGORY RD,"$9,835 ",-6.0%,-$629
10 PLEASANT ST,"$8,178 ",3.9%,$306
10 SPRING HILL LN,$7 ,-9.7%,$0
10 ON THE COMMON,"$11,758 ",0.4%,$49
10 HEWS LN,"$7,726 ",15.8%,"$1,056"
10 LATHAM LN,"$7,387 ",-0.7%,-$48
10 TAVERN LN,"$46,972 ",-0.3%,-$133
10 GREGORY RD,"$10,778 ",-7.5%,-$875
10 CANAAN LEDGE LN,"$6,217 ",12.9%,$712
10 ISAAC PERKINS-1 ALDEN RD,"$6,900 ",13.6%,$825
10 PINNACLE RD,"$2,426 ",31.9%,$587
10 WHIPPLE HILL RD,$909 ,0.4%,$3
10 WHIPPLE HILL RD-GRAVELPIT,"$4,320 ",19.9%,$716
10 MARKET ST,"$11,890 ",2.4%,$280
11 MARKET ST,"$14,822 ",-3.1%,-$478
11 PRESTON RD,"$10,270 ",3.4%,$340
11 UNION ST,"$18,153 ",-8.5%,"-$1,679"
11 NORTH THETFORD RD,"$14,766 ",-3.7%,-$563
11 ORFORD RD,"$5,699 ",80.4%,"$2,540"
11 PINNACLE RD,"$10,429 ",4.1%,$413
11 CUTTING HILL LN,"$15,180 ",6.3%,$896
11 ORFORDVILLE RD,"$3,706 ",0.5%,$17
11 MAPLE LN,"$8,881 ",2.3%,$196
11 HORTON LN,"$13,623 ",1.0%,$139
11 ACORN HILL RD,"$8,903 ",13.4%,"$1,052"
11 BAKER HILL RD,"$15,761 ",-1.2%,-$195
11 DORCHESTER RD,"$9,476 ",-5.2%,-$524
11 HIGHBRIDGE RD,"$33,392 ",5.0%,"$1,582"
11 HARDSCRABBLE LN,$28 ,-9.7%,-$3
12+14 PLEASANT ST,"$14,044 ",-0.1%,-$21
12 ROCKY HILL LN,"$16,514 ",-17.3%,"-$3,443"
12 ON THE COMMON,"$15,236 ",-7.4%,"-$1,223"
12 WILMOTT WY,"$3,369 ",28.5%,$746
12 MAPLE LN,"$6,272 ",-2.2%,-$142
12 BAKER HILL RD,"$2,727 ",-5.4%,-$154
12 CLAFLIN LN,$21 ,-9.7%,-$2
12 CREAMERY LN,"$6,385 ",7.4%,$440
12 SMITH MOUNTAIN RD,"$7,307 ",1.4%,$99
12 PELTON LN,"$10,821 ",4.1%,$427
13 CREAMERY LN,"$7,319 ",11.8%,$774
13 HIGH ST,"$6,847 ",8.2%,$518
13 HEWS LN,"$7,225 ",-6.3%,-$490
13 MAIN ST,"$15,000 ",-2.0%,-$313
13 ORFORD RD,"$18,038 ",1.8%,$320
13 UNION ST,"$13,922 ",-4.2%,-$605
13 NORTH THETFORD RD,"$19,400 ",8.9%,"$1,586"
14 HIGH ST,"$10,313 ",-2.3%,-$247
14 ON THE COMMON,"$13,881 ",-17.4%,"-$2,917"
14 CLAFLIN LN,$9 ,-9.7%,-$1
14 FRANKLIN HILL RD,"$14,073 ",-4.1%,-$605
14 BAKER HILL RD,"$4,828 ",14.3%,$606
14 CANAAN LEDGE LN,"$1,634 ",16.1%,$227
14 MARKET ST,"$15,792 ",-1.5%,-$233
15 HIGH ST,"$7,088 ",20.0%,"$1,183"
15 MARKET ST,"$16,524 ",1.0%,$171
15 UNION ST,"$9,394 ",9.1%,$783
15 TURNER LN,"$16,023 ",-6.7%,"-$1,143"
15 WHIPPLE HILL RD,$527 ,-10.1%,-$59
15 ORFORD RD,"$5,302 ",-0.6%,-$32
15 RECORDRIDGE LN,"$23,997 ",7.2%,"$1,614"
15 BAILEY HILL LN,$127 ,-9.7%,-$14
15 CUTTING HILL LN,"$20,074 ",3.7%,$711
15 DAVISON LN,"$11,955 ",15.1%,"$1,571"
15 MAIN ST,"$1,961 ",-12.6%,-$283
15 MAIN ST,"$12,670 ",-2.5%,-$321
15 CLAFLIN LN,"$10,121 ",9.3%,$857
15 DERBY LN,"$5,083 ",-18.0%,"-$1,118"
16 PLEASANT ST,"$9,471 ",-5.8%,-$585
16 ON THE COMMON,"$15,657 ",20.9%,"$2,703"
16 ON THE COMMON,"$1,203 ",-0.8%,-$10
16 POST POND LN,"$22,310 ",6.8%,"$1,422"
16 CLOVER MILL LN,"$28,852 ",5.2%,"$1,414"
16 BRITTON LN,"$9,635 ",4.0%,$374
16 SHOESTRAP RD,"$9,026 ",21.3%,"$1,586"
16 ORFORD RD,"$25,239 ",-7.5%,"-$2,044"
16 ISAAC PERKINS RD,"$15,241 ",4.0%,$586
16 CANAAN LEDGE LN,$0 ,0.0%,$0
16 DAVISON LN,"$23,073 ",-2.3%,-$545
17 HEWS LN,$64 ,-9.7%,-$7
17 UNION ST,"$8,022 ",1.8%,$142
17 MAPLE LN,"$19,925 ",-3.8%,-$789
17 CANAAN LEDGE LN (L/O),$536 ,11.2%,$54
17 NORTH THETFORD RD,"$8,260 ",11.6%,$857
17 FLINT HILL RD,"$10,987 ",-4.1%,-$468
18 HIGH ST,"$7,033 ",0.5%,$35
18 DORCHESTER RD,"$13,392 ",13.1%,"$1,555"
18 NORTH THETFORD RD,"$7,281 ",0.1%,$9
18 EAST THETFORD RD,"$16,526 ",-6.1%,"-$1,082"
18 SPRING HILL LN,$4 ,-9.7%,-$1
18 CANAAN LEDGE LN,"$11,897 ",-1.7%,-$203
18 CITADEL LN,"$10,752 ",-0.5%,-$50
18 HORTON LN,$19 ,-9.7%,-$2
18 + 20 HARDSCRABBLE LN,"$24,171 ",-0.3%,-$70
18 ON THE COMMON,"$17,311 ",-10.2%,"-$1,972"
19 DORCHESTER RD,"$13,021 ",3.7%,$459
19 HIGH ST,"$5,172 ",7.4%,$358
19 GOOSE POND RD,"$1,309 ",-9.4%,-$135
19 MARKET ST,"$10,807 ",3.9%,$410
19 EAST THETFORD RD,"$15,301 ",-4.2%,-$663
19 CLOVER MILL LN,"$17,445 ",10.7%,"$1,687"
19 CUTTING HILL LN,"$27,668 ",-0.9%,-$250
19 MAPLE LN,"$21,504 ",47.4%,"$6,911"
19 SLOAN LN,"$19,311 ",-2.5%,-$497
19 ROCKY HILL LN,"$19,547 ",-6.4%,"-$1,343"
20 DARTMOUTH COLLEGE HY,$149 ,-9.7%,-$16
20 MARKET ST,"$12,923 ",-3.1%,-$414
20 HEWS LN,"$14,422 ",56.2%,"$5,190"
20 CULVER HILL LN,"$18,004 ",-3.8%,-$711
20 RIVER RD,$202 ,-9.7%,-$21
20 WASHBURN HILL RD,"$3,639 ",18.3%,$563
20 RECORDRIDGE LN,"$13,450 ",1.1%,$142
20 ACORN HILL RD,"$11,421 ",17.0%,"$1,664"
20 WILMOTT WY,"$8,898 ",11.4%,$911
20 PRESTON RD,"$16,502 ",2.2%,$355
21 DORCHESTER RD,"$6,686 ",0.4%,$27
21 WILMOTT WY,"$4,144 ",23.4%,$785
21 UNION ST,"$14,894 ",13.6%,"$1,780"
21 PLEASANT ST,"$8,638 ",18.3%,"$1,336"
21 GREGORY RD,"$22,558 ",5.1%,"$1,095"
21 SPRING HILL LN,$7 ,-9.7%,$0
21 TYLER HILL RD,$329 ,-9.7%,-$36
21 POUT POND LN,"$6,968 ",6.9%,$450
21 HARDSCRABBLE LN,"$24,183 ",4.0%,$936
21 NORTH THETFORD RD,"$8,980 ",13.6%,"$1,073"
21 PINNACLE RD,"$3,439 ",20.2%,$579
21 FLINT HILL RD,"$11,880 ",2.5%,$291
22 DORCHESTER RD,"$11,722 ",1.6%,$187
22 UNION ST,"$10,824 ",-0.6%,-$63
22 POST POND LN,"$11,144 ",14.2%,"$1,390"
22 NORTH THETFORD RD,"$9,185 ",-3.8%,-$361
22 POUT POND LN,"$9,158 ",4.6%,$403
22 PONY HILL LN,"$11,067 ",12.4%,"$1,222"
22 CANAAN LEDGE LN,"$11,423 ",3.3%,$368
22 MARKET ST,"$12,918 ",-5.0%,-$673
23 CLOVER MILL LN,"$13,269 ",5.9%,$734
23 PLEASANT ST,"$9,572 ",5.1%,$463
23 ORFORD RD,"$5,675 ",9.9%,$511
23 STORRS HILL LN,"$11,503 ",3.5%,$394
23 WASHBURN HILL RD,"$13,751 ",13.7%,"$1,656"
24 PLEASANT ST,"$10,294 ",11.4%,"$1,051"
24 RECORDRIDGE LN,"$17,944 ",9.7%,"$1,589"
24 BRECK HILL RD,"$8,696 ",-3.3%,-$296
24 PINNACLE RD,"$44,192 ",-5.5%,"-$2,550"
24 ORFORD RD,"$8,246 ",-4.3%,-$373
24 SPRING HILL LN,$7 ,-9.7%,$0
24 UNION ST,"$13,115 ",0.5%,$65
24 BAILEY HILL LN,"$2,009 ",10.7%,$194
25 MARKET ST,"$11,522 ",-2.2%,-$256
25 WILMOTT WY,"$10,143 ",-2.8%,-$294
25 UNION ST,"$10,345 ",3.6%,$359
25 BRECK HILL RD,"$14,446 ",-6.0%,-$915
25 LAMPHIRE HILL LN,"$14,880 ",-4.9%,-$766
25 ISAAC PERKINS RD,"$3,321 ",2.5%,$82
25 CANAAN LEDGE LN (L/O),"$1,865 ",2.4%,$45
25 PONY HILL LN,"$29,045 ",-11.8%,"-$3,882"
25 PLEASANT ST,"$10,261 ",-0.9%,-$96
25 PICO RD,$43 ,-9.7%,-$4
26 MARKET ST,"$8,578 ",9.5%,$743
26 UNION ST,"$7,752 ",10.8%,$754
26 RECORDRIDGE LN,"$21,429 ",8.4%,"$1,666"
26 ACORN HILL RD,"$15,513 ",0.5%,$77
26+28 PLEASANT ST,"$13,910 ",11.7%,"$1,463"
27 HIGH ST,"$8,626 ",7.0%,$567
27 PLEASANT ST,"$5,853 ",0.8%,$47
27 UNION ST,"$10,037 ",9.3%,$850
27 CLOVER MILL LN,"$17,710 ",6.2%,"$1,027"
27 ORFORD RD,"$2,243 ",-1.9%,-$44
28 UNION ST,"$11,806 ",14.5%,"$1,500"
28 CLOVER MILL LN,"$37,067 ",-2.6%,"-$1,006"
28 STORRS HILL LN,"$25,473 ",-7.6%,"-$2,098"
28 SHOESTRAP RD,"$10,484 ",3.6%,$362
28 ACORN HILL RD,$21 ,-9.7%,-$2
29 HIGH ST,"$2,630 ",17.8%,$396
29 UNION ST,"$8,465 ",-1.2%,-$106
29 POUT POND LN,"$8,412 ",10.9%,$825
30 PLEASANT ST,"$6,838 ",13.4%,$811
30 HIGH ST,"$4,508 ",16.5%,$640
30 MARKET ST,"$13,987 ",12.0%,"$1,500"
30 PRESTON RD,"$13,187 ",24.9%,"$2,627"
30 BRECK HILL RD,"$15,491 ",-8.2%,"-$1,382"
30 SHOESTRAP RD,"$7,591 ",23.9%,"$1,465"
30 CITADEL LN,"$20,245 ",-7.9%,"-$1,744"
30 DAVISON LN,$103 ,-9.7%,-$11
30 UNION ST,"$15,626 ",1.7%,$268
30 NORTH THETFORD RD,"$9,871 ",2.6%,$253
30 SMITH MOUNTAIN RD,"$11,873 ",9.7%,"$1,052"
30 WILMOTT WY (LAND ONLY),$271 ,13.4%,$32
31 ROCKY HILL LN,$60 ,-6.0%,-$3
31 POST POND LN,"$6,951 ",25.7%,"$1,422"
31 BLISS LN,"$17,462 ",-1.4%,-$253
31 PINNACLE RD,"$7,435 ",19.5%,"$1,213"
32 HIGH ST,"$3,969 ",7.3%,$269
32 PELTON LN,"$10,802 ",0.9%,$99
32 DORCHESTER RD,"$10,039 ",-0.9%,-$91
32 UNION ST,"$16,945 ",0.0%,$6
32 POST POND LN,"$1,208 ",-13.3%,-$186
32 POUT POND LN,"$20,278 ",12.7%,"$2,286"
32 PLEASANT ST,"$9,779 ",11.3%,$995
33 NORTH THETFORD RD,"$11,866 ",-3.3%,-$402
33 PINNACLE RD,"$7,030 ",22.7%,"$1,301"
34 WILMOTT WY,"$3,213 ",26.9%,$681
34 PLEASANT ST,"$3,516 ",-30.1%,"-$1,517"
34 LAMPHIRE HILL LN,"$19,982 ",9.0%,"$1,654"
34 BRECK HILL RD,"$11,806 ",-8.3%,"-$1,065"
34 ACORN HILL RD,"$9,558 ",-1.3%,-$130
34 ISAAC PERKINS RD,"$10,530 ",2.3%,$234
34 POUT POND LN,"$21,886 ",8.9%,"$1,790"
34 HARDSCRABBLE LN,"$13,541 ",-8.2%,"-$1,207"
35 HIGH ST,"$6,920 ",5.6%,$365
35 ORFORD RD,"$8,499 ",10.2%,$789
35 PINNACLE RD,"$14,704 ",10.0%,"$1,332"
35 POUT POND LN,"$6,835 ",10.1%,$626
36 HIGH ST,"$6,275 ",2.9%,$178
36 GOOSE POND RD,"$7,435 ",51.2%,"$2,519"
36 DORCHESTER RD,"$6,421 ",14.3%,$802
36 HORTON LN,"$32,742 ",-9.0%,"-$3,235"
36 UNION ST,"$12,319 ",-6.9%,-$907
36 MUD TURTLE POND RD,"$6,060 ",0.2%,$11
36 PONY HILL LN,"$8,106 ",20.0%,"$1,351"
37 UNION ST,"$16,863 ",1.4%,$236
37 WHIPPLE HILL RD,$168 ,-9.7%,-$18
37 LAMPHIRE HILL LN,"$10,102 ",-4.8%,-$508
37+51 PINNACLE RD,"$26,881 ",-5.6%,"-$1,602"
38 NORTH THETFORD RD,"$6,214 ",15.9%,$853
38 RIVER RD,"$8,138 ",12.1%,$879
38 SHOESTRAP RD,"$14,157 ",9.9%,"$1,275"
38 ACORN HILL RD,$38 ,-9.7%,-$4
38 HIGH ST,"$6,258 ",16.7%,$895
38 BAILEY HILL LN,$31 ,-9.7%,-$3
39 EAST THETFORD RD,$334 ,-9.7%,-$36
39 LAMPHIRE HILL LN,"$5,338 ",4.5%,$228
39 PINNACLE RD,"$3,865 ",-3.8%,-$152
39 GRAFTON TK (TAXABLE),"$46,500 ",12.7%,"$5,249"
39 PLEASANT ST,"$17,200 ",5.7%,$922
39 POUT POND LN,"$15,905 ",12.6%,"$1,778"
39 SMITH MOUNTAIN RD,"$13,823 ",-5.8%,-$850
40 HIGH ST,"$5,259 ",43.7%,"$1,599"
40 GOOSE POND RD,$19 ,3.2%,$1
40 DORCHESTER RD,"$6,123 ",10.5%,$584
40 PRESTON RD,"$13,101 ",25.8%,"$2,688"
40 BRECK HILL RD,$245 ,-9.7%,-$26
40 ISAAC PERKINS RD,"$11,541 ",10.7%,"$1,115"
40 GRAFTON TK (TAXABLE),$125 ,-9.7%,-$13
40 ORFORDVILLE RD,$38 ,-9.7%,-$4
41 CULVER HILL LN,"$15,561 ",8.6%,"$1,229"
41 ORFORD RD,"$2,739 ",16.9%,$396
41 LAMPHIRE HILL LN,"$15,700 ",3.8%,$582
41 POST POND LN,"$32,037 ",-9.3%,"-$3,271"
41 HIGHBRIDGE RD,$349 ,-9.7%,-$37
41 OLD DORCHESTER RD,"$6,530 ",16.1%,$908
41 DAVISON LN,"$43,749 ",-5.5%,"-$2,554"
41 ISAAC PERKINS RD,"$10,309 ",2.0%,$200
42 GOODELL LN,$144 ,-9.7%,-$15
42 DORCHESTER RD,"$4,375 ",9.3%,$371
42 HIGHBRIDGE RD,"$22,180 ",14.8%,"$2,857"
42 HARDSCRABBLE LN,"$26,306 ",-8.1%,"-$2,329"
42 ORFORD RD,$168 ,-9.7%,-$18
42 CLAFLIN LN,"$44,840 ",13.2%,"$5,221"
43 DARTMOUTH COLLEGE HY,"$12,217 ",27.1%,"$2,601"
43 BRECK HILL RD,"$8,207 ",8.6%,$652
43 MASA MOREY LN,"$31,668 ",-5.7%,"-$1,918"
43 PICO RD,"$10,407 ",29.8%,"$2,391"
43 POUT POND LN,$19 ,-9.7%,-$2
43 FRANKLIN HILL RD,"$15,960 ",-2.3%,-$379
44 HORTON LN,"$8,484 ",2.2%,$185
44 BLISS LN,$322 ,4.3%,$13
44 BRITTON LN,"$11,154 ",4.4%,$469
44 FRANKLIN HILL RD,"$2,245 ",138.0%,"$1,302"
44 HARDSCRABBLE LN,$168 ,-9.7%,-$18
44 BAILEY HILL LN,$738 ,-9.7%,-$80
44 FLINT HILL RD,"$14,218 ",-0.6%,-$90
45 PRESTON RD,"$15,864 ",3.7%,$567
45 DORCHESTER RD,"$11,837 ",-0.8%,-$101
45 PINNACLE RD,"$5,942 ",-0.4%,-$21
45 POST POND LN,"$13,801 ",-6.1%,-$891
45 ACORN HILL RD,"$7,206 ",21.4%,"$1,269"
45 POUT POND LN,"$13,953 ",-5.6%,-$824
46 STORRS HILL LN,"$11,103 ",-2.0%,-$232
46 HARDSCRABBLE LN,$64 ,-9.7%,-$7
46 POUT POND LN,"$14,232 ",-1.9%,-$281
47 HIGHBRIDGE RD,$31 ,-9.7%,-$3
47 POST POND LN,"$10,082 ",-7.7%,-$845
47 GOOSE POND RD,"$7,774 ",7.6%,$547
47 ISAAC PERKINS RD,"$6,022 ",-3.3%,-$205
47 CULVER HILL LN,"$20,938 ",16.5%,"$2,959"
48 HIGH ST,"$13,402 ",19.6%,"$2,197"
48 NORTH THETFORD RD,"$8,797 ",-0.9%,-$80
48 CULVER HILL LN,"$24,127 ",-4.8%,"-$1,207"
48 SHOESTRAP RD,"$7,059 ",2.0%,$136
48 ISAAC PERKINS RD,"$7,011 ",17.6%,"$1,050"
48 BAKER HILL RD,"$6,734 ",-1.1%,-$74
49 HIGH ST,"$2,741 ",29.4%,$622
49 POST POND LN,"$11,105 ",-2.0%,-$230
50 HIGH ST,"$7,377 ",12.1%,$795
50 RIVER RD,"$8,431 ",31.3%,"$2,012"
50 LAMPHIRE HILL LN,$79 ,-9.7%,-$8
50 PRESTON RD,"$26,614 ",-8.6%,"-$2,496"
50 PINNACLE RD,"$7,189 ",18.9%,"$1,143"
50 POST POND LN,$279 ,-0.3%,$0
50 OLD DORCHESTER RD,"$9,401 ",-0.5%,-$47
50 PONY HILL LN,$67 ,-9.7%,-$7
50 BLISS LN,"$7,124 ",18.8%,"$1,126"
51 GOOSE POND RD,"$6,313 ",17.3%,$931
51 HIGH ST,"$25,066 ",5.2%,"$1,235"
51 RIVER RD,"$20,786 ",-2.2%,-$462
51 POST POND LN,"$5,589 ",12.4%,$617
52 NORTH THETFORD RD,"$9,259 ",18.5%,"$1,445"
52 BRECK HILL RD,"$23,877 ",-1.8%,-$439
52 PICO RD,"$8,065 ",4.8%,$371
53 EAST THETFORD RD,"$7,702 ",-4.7%,-$381
53 HIGHBRIDGE RD,"$10,894 ",4.8%,$494
53 POST POND LN,"$7,964 ",2.0%,$153
53 DORCHESTER RD,"$8,792 ",13.8%,"$1,066"
53 ACORN HILL RD,"$11,693 ",6.2%,$680
53 SMITH MOUNTAIN RD,"$19,159 ",11.2%,"$1,937"
54 GOODELL LN,$24 ,-9.7%,-$2
54 BAKER HILL RD,"$11,310 ",11.2%,"$1,142"
54 ISAAC PERKINS RD,"$8,573 ",7.7%,$615
54 GOOSE POND RD,$21 ,-9.7%,-$2
54 BLISS LN,"$8,792 ",11.3%,$893
55 PRESTON RD,"$9,873 ",-0.3%,-$25
55 POST POND LN,"$9,055 ",22.4%,"$1,657"
55 HARDSCRABBLE LN,"$25,054 ",-3.5%,-$918
55 SMITH MOUNTAIN RD,"$7,962 ",5.1%,$388
56 CULVER HILL LN,"$21,087 ",-2.9%,-$635
56 BAKER HILL RD,"$9,969 ",11.3%,"$1,012"
56 FRANKLIN HILL RD,"$15,691 ",9.6%,"$1,378"
56 HORTON LN,"$37,508 ",4.1%,"$1,480"
57 GOOSE POND RD,"$8,113 ",6.5%,$497
57 NORTH THETFORD RD,"$3,044 ",0.4%,$11
57 POST POND LN,"$21,990 ",18.4%,"$3,411"
57 POUT POND LN,$4 ,-9.7%,-$1
57 FRANKLIN HILL RD,"$10,865 ",0.8%,$82
57 BAKER HILL RD,"$8,347 ",-6.8%,-$605
58 DORCHESTER RD,"$6,289 ",11.9%,$667
58 HARDSCRABBLE LN,"$18,083 ",6.8%,"$1,146"
58 ORFORDVILLE RD,$4 ,-9.7%,-$1
59 ORFORD RD,$12 ,12.9%,$2
59 BRECK HILL RD,"$17,958 ",-9.5%,"-$1,887"
59 BAKER HILL RD,$115 ,-9.7%,-$12
59 PICO RD,"$7,314 ",12.6%,$817
60 DARTMOUTH COLLEGE HY,"$17,874 ",0.1%,$12
60 ORFORD RD,"$8,130 ",-2.6%,-$217
60 EAST ST,$40 ,-9.7%,-$5
60 MASA MOREY LN,$209 ,-9.7%,-$22
60 SPRING HILL LN,"$27,487 ",-4.8%,"-$1,383"
60 ROCKY HILL LN,"$40,846 ",-4.6%,"-$1,969"
60 BAKER HILL RD,"$11,498 ",16.8%,"$1,658"
60 BRECK HILL RD,$794 ,-0.7%,-$5
60 BLISS LN,"$3,100 ",12.1%,$336
60 POUT POND LN,$120 ,-9.7%,-$13
61 DARTMOUTH COLLEGE HY,"$13,594 ",77.2%,"$5,924"
61 RIVER RD,"$13,808 ",1.3%,$177
61 POST POND LN,"$15,833 ",-8.5%,"-$1,466"
61 DORCHESTER RD,"$13,204 ",-0.1%,-$16
61 POUT POND LN,"$17,445 ",-2.9%,-$513
62 POST POND LN,$271 ,-0.9%,-$3
62 POUT POND LN,"$19,597 ",9.5%,"$1,706"
62 BAKER HILL RD,$811 ,7.1%,$54
62 ACORN HILL RD,"$4,217 ",24.3%,$824
62 RIVER RD,$36 ,-9.7%,-$3
63-69 DARTMOUTH COLLEGE HY,"$41,694 ",5.0%,"$1,992"
63 CULVER HILL LN,"$9,370 ",24.2%,"$1,823"
63 WHIPPLE HILL RD,"$22,984 ",-1.2%,-$276
63 DORCHESTER RD,"$14,456 ",-2.0%,-$294
63 PINNACLE RD,"$17,431 ",-10.5%,"-$2,054"
63 BAKER HILL RD,"$13,144 ",8.3%,"$1,009"
63 FLINT HILL RD,$182 ,-9.7%,-$20
64 SHOESTRAP RD,"$4,421 ",14.8%,$569
64 WASHBURN HILL RD,"$11,474 ",1.3%,$149
64 PINNACLE RD,"$16,579 ",16.0%,"$2,292"
64 BRECK HILL RD,$50 ,-9.7%,-$5
64 TYLER HILL RD,$28 ,-9.7%,-$3
65 GOODELL LN,$60 ,-9.7%,-$6
65 WASHBURN HILL RD,$60 ,-9.7%,-$6
65 HIGHBRIDGE RD,"$9,091 ",4.6%,$398
65 POST POND LN,$334 ,3.7%,$12
65 ALDEN LN,$293 ,4.9%,$14
65 PINNACLE RD,"$28,190 ",-3.8%,"-$1,114"
65 POUT POND LN,"$10,121 ",-24.2%,"-$3,235"
65 PICO RD,"$5,512 ",20.1%,$922
66 BLISS LN,$19 ,-9.7%,-$2
66 WASHBURN HILL RD,"$14,196 ",7.0%,$930
66 HIGHBRIDGE RD,"$16,584 ",16.3%,"$2,319"
66 FRANKLIN HILL RD,"$14,107 ",8.4%,"$1,097"
66 ORFORDVILLE RD,$36 ,-9.7%,-$3
66 FLINT HILL RD,"$16,639 ",-3.8%,-$652
67 ACORN HILL RD,"$29,038 ",3.3%,$923
67 POST POND LN,"$4,431 ",-6.1%,-$290
67 SMITH MOUNTAIN RD,"$1,634 ",-9.6%,-$173
67 + 69 BAKER HILL RD,"$12,831 ",12.6%,"$1,432"
67 POUT POND LN,"$20,394 ",-0.9%,-$184
67+69 PINNACLE RD,"$9,755 ",6.7%,$614
68 PRESTON RD,$613 ,-9.7%,-$66
68 NORTH THETFORD RD,"$12,518 ",-7.7%,"-$1,041"
68 BRECK HILL RD,"$18,365 ",0.7%,$125
68 ISAAC PERKINS RD,"$13,305 ",25.8%,"$2,732"
69 WASHBURN HILL RD,"$11,421 ",14.2%,"$1,419"
69 PRESTON RD,"$14,555 ",4.2%,$583
69 POST POND LN,"$2,861 ",23.0%,$534
69 POUT POND LN,"$16,531 ",3.0%,$477
70 ORFORD RD,"$30,032 ",29.4%,"$6,825"
70 LAMPHIRE HILL LN,"$23,075 ",-1.6%,-$383
70 ACORN HILL RD,$89 ,-9.7%,-$9
70 FRANKLIN HILL RD,"$15,164 ",-5.2%,-$826
70 GRAFTON TK,"$8,017 ",-8.5%,-$743
71 BAKER HILL RD,"$6,542 ",11.4%,$669
71 PRESTON RD,"$12,388 ",-5.0%,-$656
72 GOOSE POND RD,"$7,394 ",16.6%,"$1,055"
72 EAST THETFORD RD,$101 ,-9.7%,-$10
72 DORCHESTER RD,"$6,121 ",37.0%,"$1,653"
72 POST POND LN,"$5,764 ",12.2%,$624
72 GRAFTON TK,"$7,875 ",9.9%,$709
73 POUT POND LN,"$7,201 ",-0.8%,-$61
73 FRANKLIN HILL RD,"$18,875 ",-2.2%,-$421
74 NORTH THETFORD RD,"$8,438 ",18.0%,"$1,288"
74 BLISS LN,"$20,904 ",-3.1%,-$679
74 FLINT HILL RD,"$19,080 ",8.0%,"$1,408"
75 RIVER RD,"$21,872 ",49.2%,"$7,209"
75 PICO RD,$74 ,-9.7%,-$8
75 PINNACLE RD,"$7,042 ",21.6%,"$1,249"
75 ACORN HILL RD,"$16,100 ",4.9%,$750
75+77 POUT POND LN,"$19,176 ",-7.1%,"-$1,464"
75 FLINT HILL RD,"$13,777 ",9.7%,"$1,213"
76 GOODELL LN,"$1,282 ",11.9%,$136
76 FRANKLIN HILL RD,"$13,635 ",-2.4%,-$340
77 DARTMOUTH COLLEGE HY,"$4,515 ",0.5%,$21
77 WASHBURN HILL RD,"$18,257 ",-6.0%,"-$1,156"
77 ACORN HILL RD,"$12,217 ",15.6%,"$1,649"
78 NORTH THETFORD RD,"$19,547 ",6.6%,"$1,208"
79 WHIPPLE HILL RD,"$11,303 ",-0.5%,-$62
79 EAST THETFORD RD,"$10,966 ",18.0%,"$1,673"
79 POUT POND LN,"$23,398 ",-4.7%,"-$1,153"
80 BRECK HILL RD,"$12,651 ",15.1%,"$1,662"
80 NORTH THETFORD RD,$9 ,-9.7%,-$1
80 POUT POND LN,"$31,038 ",-10.7%,"-$3,721"
81 PRESTON RD,$233 ,-9.7%,-$25
81 BRECK HILL RD,$36 ,-9.7%,-$3
82 RIVER RD,"$5,947 ",2.1%,$125
82 ACORN HILL RD,"$17,763 ",-3.8%,-$693
82 POUT POND LN,"$12,412 ",-5.5%,-$728
82 NORTH THETFORD RD,"$15,334 ",10.8%,"$1,490"
83 FRANKLIN HILL RD,"$15,934 ",15.8%,"$2,170"
83 PINNACLE RD,"$9,726 ",23.0%,"$1,822"
84 DARTMOUTH COLLEGE HY,"$17,349 ",51.4%,"$5,891"
84 ORFORD RD,"$17,544 ",31.1%,"$4,164"
84 EAST THETFORD RD,"$17,746 ",19.4%,"$2,884"
84 FRANKLIN HILL RD,"$14,073 ",-6.8%,"-$1,024"
84 POUT POND LN,"$16,203 ",-4.3%,-$723
85 DARTMOUTH COLLEGE HY #3010,"$9,117 ",-1.6%,-$150
85 DARTMOUTH COLLEGE HY #4010,"$10,138 ",-1.3%,-$128
85 DARTMOUTH COLLEGE HY #4040,"$6,303 ",19.8%,"$1,041"
85 HIGHBRIDGE RD,"$24,250 ",-12.7%,"-$3,543"
85 DARTMOUTH COLLEGE HY #7010,"$8,414 ",-11.5%,"-$1,092"
85 DARTMOUTH COLLEGE HY #2010,"$10,860 ",-2.1%,-$238
85 DARTMOUTH COLLEGE HY #2020,"$9,331 ",-1.6%,-$149
85 DARTMOUTH COLLEGE HY #2040,"$9,584 ",-1.4%,-$133
85 DARTMOUTH COLLEGE HY #4030,"$5,124 ",-2.5%,-$130
85 DARTMOUTH COLLEGE HY #5010,"$4,438 ",-2.8%,-$128
85 DARTMOUTH COLLEGE HY #5020,"$7,993 ",-2.1%,-$170
85 DARTMOUTH COLLEGE HY #6010,"$11,404 ",-0.3%,-$38
85 DARTMOUTH COLLEGE HY #8010,"$13,079 ",-1.2%,-$163
85 DARTMOUTH COLLEGE HY #9010,"$10,287 ",-2.0%,-$206
85 DARTMOUTH COLLEGE HY #9020,"$8,191 ",-1.9%,-$161
85 DARTMOUTH COLLEGE HY #9030,"$9,271 ",0.5%,$44
85 DARTMOUTH COLLEGE HY #1010,"$5,235 ",6.0%,$298
85 DARTMOUTH COLLEGE HY #1020,"$5,235 ",6.0%,$298
85 DARTMOUTH COLLEGE HY #1030,"$6,056 ",-0.9%,-$57
85 DARTMOUTH COLLEGE HY #1050,"$5,889 ",3.5%,$198
85 DARTMOUTH COLLEGE HY #2030,"$4,927 ",-2.1%,-$103
85 DARTMOUTH COLLEGE HY #1040,"$9,076 ",4.4%,$383
85 RIVER RD,$154 ,-9.7%,-$16
86 POST POND LN,"$1,155 ",10.0%,$105
88 NORTH THETFORD RD,"$7,107 ",13.6%,$850
88 POST POND LN,"$4,469 ",15.7%,$606
89 BRECK HILL RD,"$5,803 ",1.2%,$69
89 WASHBURN HILL RD,"$19,010 ",8.6%,"$1,498"
89 WHIPPLE HILL RD,"$12,530 ",-1.9%,-$240
91 RIVER RD,"$8,590 ",23.4%,"$1,630"
91 PINNACLE RD,"$14,304 ",-1.7%,-$244
91 FLINT HILL RD,"$9,493 ",-2.1%,-$203
92 BRECK HILL RD,$24 ,-9.7%,-$2
92 ORFORD RD,$452 ,-27.5%,-$171
92 POST POND LN (LAND ONLY),"$2,833 ",1.6%,$45
92 WASHBURN HILL RD,"$50,205 ",19.5%,"$8,187"
92 HIGHBRIDGE RD,"$14,718 ",-4.4%,-$678
92 PRESTON RD,$375 ,-9.7%,-$40
94 NORTH THETFORD RD,$601 ,-9.7%,-$65
95 WHIPPLE HILL RD,"$19,961 ",-2.0%,-$399
95 HIGHBRIDGE RD,"$5,589 ",1.7%,$95
95 BAKER HILL RD,$259 ,-9.7%,-$28
95 DARTMOUTH COLLEGE HY #1234,"$44,486 ",-1.3%,-$580
96 ORFORD RD,"$13,917 ",4.9%,$651
96 RIVER RD,$120 ,-9.7%,-$13
96 GRAFTON TK,"$2,650 ",17.6%,$398
96 FRANKLIN HILL RD,"$20,250 ",-6.4%,"-$1,381"
97 PRESTON RD,"$5,184 ",17.0%,$754
97 NORTH THETFORD RD,"$9,854 ",18.6%,"$1,545"
97 PICO RD,$2 ,-9.7%,$0
98 DORCHESTER RD,"$5,314 ",10.2%,$492
98 PINNACLE RD,"$5,507 ",16.2%,$767
99 BRECK HILL RD,"$18,223 ",-9.7%,"-$1,953"
99 BEAR HILL LN,"$7,336 ",10.6%,$703
99 FLINT HILL RD,"$11,575 ",-2.1%,-$248
100 BRECK HILL RD,$269 ,-9.7%,-$29
100 RIVER RD,"$19,573 ",-4.5%,-$915
100 NORTH THETFORD RD,"$16,552 ",11.5%,"$1,711"
100 EAST ST,$406 ,-9.7%,-$44
100 ORFORDVILLE RD,$62 ,-9.7%,-$7
100 HIGHBRIDGE RD,"$36,439 ",-4.9%,"-$1,876"
100 ORFORD RD,"$13,777 ",26.0%,"$2,847"
100 GRAFTON TK,"$2,751 ",17.0%,$400
100 DAVISON LN,$284 ,-9.7%,-$30
101 GRAFTON TK,"$3,745 ",8.8%,$304
101 DARTMOUTH COLLEGE HY,"$73,350 ",2.5%,"$1,819"
101 WHIPPLE HILL RD,"$16,512 ",-8.0%,"-$1,432"
101 RIVER RD,"$11,036 ",-5.3%,-$622
101 EAST THETFORD RD,"$1,340 ",-2.5%,-$35
101 BEAR HILL LN,$2 ,-9.7%,$0
101 SMITH MOUNTAIN RD,$180 ,-9.7%,-$19
102 DARTMOUTH COLLEGE HY,"$8,605 ",11.8%,$906
102 BEAR HILL LN,$2 ,-9.7%,$0
103 BEAR HILL LN,$2 ,-9.7%,$0
104 GOOSE POND RD,"$6,797 ",26.5%,"$1,423"
105 RIVER RD,$14 ,-9.7%,-$1
105 NORTH THETFORD RD,"$11,142 ",-1.6%,-$183
105 ORFORD RD (LAND ONLY),$972 ,-1.4%,-$14
106 EAST THETFORD RD,"$21,817 ",71.4%,"$9,087"
106 PRESTON RD,"$22,459 ",-1.6%,-$359
107 GRAFTON TK,"$8,118 ",-2.4%,-$202
107 BEAR HILL LN,"$3,119 ",-3.8%,-$122
107 FLINT HILL RD,"$6,405 ",23.6%,"$1,225"
108 HORTON LN,"$1,757 ",-4.3%,-$79
108 PRESTON RD,"$16,721 ",-4.1%,-$711
108 NORTH THETFORD RD,"$7,196 ",8.1%,$539
108 POST POND LN,"$4,202 ",20.9%,$726
108 FRANKLIN HILL RD,$28 ,-9.7%,-$3
109 PINNACLE RD,$67 ,-9.7%,-$7
110 POST POND LN,"$4,922 ",9.9%,$444
111 WHIPPLE HILL RD,"$8,193 ",20.5%,"$1,393"
111 NORTH THETFORD RD,$16 ,5.3%,$1
111 MUD TURTLE POND RD,$185 ,-9.7%,-$20
111 BEAR HILL LN,$93 ,-9.7%,-$10
112 ACORN HILL RD,$16 ,-9.7%,-$2
112 HIGHBRIDGE RD,"$13,450 ",-3.9%,-$541
114 RIVER RD,"$15,289 ",8.2%,"$1,154"
114 POST POND LN,"$4,130 ",18.7%,$651
114 FRANKLIN HILL RD,"$17,368 ",1.0%,$165
114 DARTMOUTH COLLEGE HY,"$11,012 ",-8.5%,"-$1,024"
115 ACORN HILL RD,"$4,847 ",17.6%,$726
115 FLINT HILL RD,"$5,670 ",30.7%,"$1,330"
115 WHIPPLE HILL RD,"$15,813 ",-1.4%,-$217
115 ORFORDVILLE RD,$96 ,-9.7%,-$10
116 RIVER RD,"$7,456 ",3.4%,$248
116 DORCHESTER RD,"$4,633 ",7.6%,$328
117 RIVER RD,"$1,769 ",9.1%,$149
117 GRAFTON TK,"$7,139 ",9.7%,$634
117 BRECK HILL RD,$103 ,-9.7%,-$11
117 WHIPPLE HILL RD,"$10,268 ",-10.2%,"-$1,171"
117 BAKER HILL RD,$238 ,-9.7%,-$25
118 ACORN HILL RD,$79 ,-9.7%,-$8
119 EAST THETFORD RD,"$15,611 ",-4.2%,-$691
119 WHIPPLE HILL RD,"$16,928 ",178.6%,"$10,853"
119 FLINT HILL RD,"$5,047 ",19.3%,$817
120 EAST THETFORD RD,"$16,389 ",10.1%,"$1,497"
120 ORFORDVILLE RD,"$6,609 ",-7.7%,-$551
120 NORTH THETFORD RD,"$12,242 ",1.4%,$171
121 MUD TURTLE POND RD,$101 ,30.8%,$24
121 PINNACLE RD,"$9,560 ",10.3%,$896
121 TROUT POND LN,$43 ,-9.7%,-$4
122 BRECK HILL RD,"$18,993 ",-2.4%,-$460
123 RIVER RD,"$9,156 ",-6.4%,-$628
124 ORFORD RD,$154 ,-9.7%,-$16
124 PINNACLE RD,"$9,548 ",13.8%,"$1,156"
124 BAKER HILL RD,"$6,684 ",8.9%,$545
124 CELLARS LN,"$4,883 ",6.4%,$295
125 EAST THETFORD RD,"$11,548 ",10.6%,"$1,106"
125 BRECK HILL RD,"$20,608 ",-11.8%,"-$2,762"
127 GOOSE POND RD,$62 ,-9.7%,-$7
127 BAKER HILL RD,"$4,298 ",11.7%,$449
128 ORFORDVILLE RD,"$22,474 ",-18.1%,"-$4,964"
129 RIVER RD,"$10,942 ",3.3%,$345
129 CULVER HILL LN,$26 ,-9.7%,-$3
129 FRANKLIN HILL RD,"$12,439 ",4.2%,$498
130 RIVER RD,"$4,298 ",12.5%,$478
130 DORCHESTER RD,$105 ,-3.1%,-$4
130 GRAFTON TK,$163 ,-9.7%,-$18
131 GRAFTON TK,$356 ,-9.7%,-$38
131 RIVER RD,"$11,291 ",28.0%,"$2,472"
131 NORTH THETFORD RD,"$14,776 ",0.5%,$74
131 MUD TURTLE POND RD,$101 ,14.9%,$14
132 WHIPPLE HILL RD,"$11,170 ",-14.3%,"-$1,869"
132+4 MUD TURTLE POND RD,"$9,721 ",1.4%,$132
133+137 RIVER RD,"$20,469 ",5.9%,"$1,146"
133 BRECK HILL RD,"$13,301 ",-2.9%,-$394
135 WHIPPLE HILL RD,"$6,936 ",9.8%,$618
135 MUD TURTLE POND RD,"$7,456 ",2.8%,$202
136 RIVER RD,"$11,753 ",13.4%,"$1,391"
136 WASHBURN HILL RD,"$28,583 ",-6.4%,"-$1,969"
137 MUD TURTLE POND RD,$101 ,-9.7%,-$10
137 GRAFTON TK,"$17,289 ",-1.1%,-$189
137 ORFORDVILLE RD,$2 ,-9.7%,$0
138 GOOSE POND RD,"$3,208 ",30.1%,$742
139 RIVER RD,"$17,486 ",1.3%,$232
139 GRAFTON TK,"$10,429 ",-6.3%,-$698
141 DORCHESTER RD,"$6,455 ",-5.5%,-$375
141 SMITH MOUNTAIN RD,"$1,432 ",-9.7%,-$154
142 GOOSE POND RD,"$7,319 ",24.7%,"$1,449"
143 RIVER RD,"$15,761 ",-2.1%,-$330
144 GOOSE POND RD,"$15,048 ",10.5%,"$1,425"
144 ORFORD RD,"$8,304 ",0.8%,$67
145 FRANKLIN HILL RD,"$3,733 ",2645.7%,"$3,598"
145 ACORN HILL RD,$156 ,-9.7%,-$17
146 ACORN HILL RD,"$45,790 ",-4.1%,"-$1,971"
147 DORCHESTER RD,"$6,455 ",26.4%,"$1,347"
148 GOOSE POND RD,"$8,735 ",4.8%,$402
149 GOOSE POND RD,"$8,198 ",6.6%,$507
149 WHIPPLE HILL RD,"$6,770 ",8.1%,$508
149 ORFORD RD,"$9,067 ",-0.6%,-$53
150 DORCHESTER RD,"$6,241 ",5.8%,$342
150 DARTMOUTH COLLEGE HY,"$4,676 ",2.5%,$115
150 WHIPPLE HILL RD,"$4,681 ",25.4%,$949
150 ORFORD RD,"$20,307 ",20.5%,"$3,453"
153 GOOSE POND RD,"$6,944 ",16.6%,$989
153 PINNACLE RD,"$3,598 ",33.6%,$906
154 GOOSE POND RD,"$3,528 ",11.3%,$359
155 RIVER RD,"$57,731 ",133.1%,"$32,967"
155 DARTMOUTH COLLEGE HY,"$10,015 ",19.3%,"$1,620"
156 GOOSE POND RD,"$3,129 ",10.0%,$285
156 DARTMOUTH COLLEGE HY,"$8,713 ",18.0%,"$1,329"
157 GOOSE POND RD,"$7,642 ",16.0%,"$1,055"
158 GOOSE POND RD,"$3,819 ",24.1%,$740
159 BAKER HILL RD,"$15,294 ",2.7%,$402
160 WHIPPLE HILL RD,$12 ,-9.7%,-$1
160 EAST ST,$459 ,-9.7%,-$50
160 ACORN HILL RD,"$17,778 ",1.7%,$290
161 RIVER RD,"$15,640 ",-6.0%,-$995
161 NORTH THETFORD RD,"$14,102 ",13.5%,"$1,679"
161 GOOSE POND RD,"$6,433 ",2.1%,$131
162 DORCHESTER RD,"$4,178 ",-3.3%,-$140
162 GOOSE POND RD,"$4,190 ",24.2%,$815
163 DARTMOUTH COLLEGE HY,$659 ,2.2%,$14
164 SMITH MOUNTAIN RD,$353 ,-0.2%,-$1
165 WHIPPLE HILL RD,"$3,285 ",9.0%,$270
165 DORCHESTER RD,"$7,464 ",-14.3%,"-$1,245"
166 DARTMOUTH COLLEGE HY,"$5,391 ",7.1%,$355
166 DORCHESTER RD,"$5,442 ",0.7%,$39
167 DORCHESTER RD,"$6,999 ",-0.5%,-$36
168 DORCHESTER RD,"$9,594 ",-2.3%,-$227
168 BAKER HILL RD,"$5,581 ",14.3%,$700
169 DORCHESTER RD,"$5,199 ",12.9%,$593
171 DORCHESTER RD,"$10,114 ",3.0%,$296
171 ACORN HILL RD (LAND ONLY),$9 ,-9.7%,-$1
171 GOOSE POND RD,"$3,011 ",45.9%,$948
172 GOOSE POND RD,"$2,541 ",20.2%,$427
172 BAKER HILL RD,"$19,580 ",-2.8%,-$572
172 ACORN HILL RD,"$7,035 ",28.3%,"$1,552"
172 GRAFTON TK,"$15,503 ",-2.2%,-$346
173 DARTMOUTH COLLEGE HY,"$10,513 ",-5.5%,-$612
173 DORCHESTER RD,"$8,224 ",0.2%,$19
174 GOOSE POND RD,"$2,082 ",12.7%,$235
174 DARTMOUTH COLLEGE HY,"$8,178 ",-5.7%,-$499
174 SMITH MOUNTAIN RD,$72 ,-9.7%,-$7
175 NORTH THETFORD RD,"$8,306 ",-4.3%,-$371
175 DORCHESTER RD,"$7,815 ",-4.6%,-$380
176 GOOSE POND RD,"$2,443 ",21.4%,$431
176 DORCHESTER RD,"$11,945 ",-1.3%,-$163
177 GRAFTON TPK,$91 ,-9.7%,-$10
177 GRAFTON TK,$28 ,-9.7%,-$3
177 DORCHESTER RD,"$15,106 ",2.9%,$425
179 GOOSE POND RD,"$4,272 ",23.4%,$809
179 PINNACLE RD,"$5,045 ",13.9%,$615
179 DORCHESTER RD,"$11,657 ",1.9%,$212
180 BAKER HILL RD,$38 ,-9.7%,-$4
180 DARTMOUTH COLLEGE HY,"$9,570 ",32.7%,"$2,359"
180 DORCHESTER RD,"$8,982 ",-3.7%,-$349
180 CELLARS LN,$151 ,-9.7%,-$16
181 ACORN HILL RD,"$22,671 ",10.8%,"$2,215"
181 DORCHESTER RD,"$11,671 ",2.0%,$229
182 GOOSE POND RD,"$4,212 ",13.8%,$509
182 DORCHESTER RD,"$12,583 ",-0.6%,-$72
183 DARTMOUTH COLLEGE HY,"$2,469 ",-0.7%,-$18
183 GOOSE POND RD,"$3,237 ",-35.8%,"-$1,807"
183 DORCHESTER RD (LCAB),"$18,184 ",5.2%,$901
185 DORCHESTER RD,"$13,050 ",3.1%,$392
186 ORFORD RD,"$8,537 ",28.9%,"$1,912"
187 DORCHESTER RD,"$15,419 ",-2.1%,-$323
187 ORFORD RD,"$6,946 ",2.7%,$183
187 RIVER RD,"$28,616 ",1.4%,$397
188 DARTMOUTH COLLEGE HY,"$12,225 ",-3.8%,-$489
188 DORCHESTER RD,"$6,145 ",43.3%,"$1,856"
188 GOOSE POND RD,"$8,323 ",-4.7%,-$413
190 BAKER HILL RD,"$16,661 ",1.8%,$292
190 CELLARS LN,$79 ,-9.7%,-$8
192 RIVER RD,"$13,267 ",4.9%,$615
192 GOOSE POND RD,"$3,480 ",8.9%,$284
192 PINNACLE RD,"$18,497 ",0.2%,$30
193 GOOSE POND RD,"$1,863 ",23.0%,$349
194 GRAFTON TK,$12 ,-9.7%,-$1
196 DORCHESTER RD,"$7,613 ",16.8%,"$1,098"
196 PINNACLE RD,"$20,709 ",-9.2%,"-$2,087"
197 DORCHESTER RD,"$5,415 ",9.0%,$449
198 BAKER HILL RD,$211 ,-9.7%,-$23
199 DARTMOUTH COLLEGE HY,"$1,256 ",3.1%,$38
200 SMITH MOUNTAIN RD,$298 ,-9.7%,-$32
201 DORCHESTER RD,"$9,623 ",11.4%,$983
202 RIVER RD,"$7,295 ",74.7%,"$3,121"
202 DORCHESTER RD,"$8,342 ",6.4%,$504
203 GOOSE POND RD,"$7,170 ",8.7%,$572
204 DARTMOUTH COLLEGE HY,"$24,113 ",-0.7%,-$174
205 ORFORD RD,"$17,715 ",9.1%,"$1,480"
205 BAKER HILL RD,"$5,642 ",20.2%,$950
207 RIVER RD,"$12,087 ",1.0%,$114
207 ORFORD RD,"$15,284 ",11.1%,"$1,531"
208 DARTMOUTH COLLEGE HY,"$11,016 ",2.6%,$278
210 GRAFTON TPK,"$4,387 ",68.6%,"$1,785"
211 DARTMOUTH COLLEGE HY,"$10,436 ",0.1%,$10
215 ORFORD RD,"$24,277 ",3.5%,$814
215 DARTMOUTH COLLEGE HY,"$7,950 ",6.8%,$510
215 DORCHESTER RD,"$6,003 ",27.0%,"$1,277"
215 BAKER HILL RD,"$11,332 ",-2.2%,-$251
216 BAKER HILL RD,"$7,856 ",5.7%,$424
216 GOOSE POND RD,"$5,596 ",20.7%,$960
216 DORCHESTER RD,$324 ,-9.7%,-$35
216 ORFORD RD,"$9,343 ",20.7%,"$1,601"
216 RIVER RD,$48 ,-9.7%,-$5
218 DARTMOUTH COLLEGE HY,"$7,054 ",15.2%,$928
223 DARTMOUTH COLLEGE HY,"$3,827 ",15.3%,$508
224 DORCHESTER RD,$125 ,-4.2%,-$5
225 DORCHESTER RD,"$3,596 ",21.2%,$629
226 DARTMOUTH COLLEGE HY,"$8,328 ",18.9%,"$1,322"
226 ORFORD RD,$57 ,3.2%,$2
226 PINNACLE RD,"$33,811 ",-6.0%,"-$2,172"
227 DORCHESTER RD,"$5,033 ",12.0%,$539
228 RIVER RD,"$10,316 ",-5.5%,-$595
228 DORCHESTER RD,"$5,025 ",9.3%,$427
229 DARTMOUTH COLLEGE HY,$223 ,0.0%,$0
230 RIVER RD,"$26,907 ",-0.8%,-$216
232 DARTMOUTH COLLEGE HY,"$5,052 ",-0.3%,-$16
232 BAKER HILL RD,"$27,567 ",13.1%,"$3,203"
232 DORCHESTER RD,"$10,179 ",9.4%,$872
233 DARTMOUTH COLLEGE HY,"$5,475 ",21.5%,$967
234 DARTMOUTH COLLEGE HY,"$5,815 ",11.5%,$598
234 RIVER RD,"$12,254 ",-3.7%,-$476
236 ORFORD RD,"$12,008 ",23.0%,"$2,246"
239 GOOSE POND RD,"$4,101 ",-5.6%,-$241
240 DARTMOUTH COLLEGE HY,"$6,891 ",14.5%,$872
240 GOOSE POND RD,"$18,521 ",3.4%,$603
240 RIVER RD,"$7,509 ",10.2%,$695
241 ORFORD RD,$231 ,-9.7%,-$24
241 DARTMOUTH COLLEGE HY,"$5,533 ",16.7%,$791
243 BAKER HILL RD,$89 ,-9.7%,-$9
244 DARTMOUTH COLLEGE HY,"$3,109 ",14.6%,$396
246 DARTMOUTH COLLEGE HY,"$5,692 ",-3.3%,-$194
246 DARTMOUTH COLLEGE HY,"$3,155 ",-7.2%,-$246
252 DARTMOUTH COLLEGE HY,"$14,247 ",3.3%,$454
252 GOOSE POND RD,"$4,171 ",28.1%,$916
254 DORCHESTER RD,"$13,623 ",-5.4%,-$778
259 DARTMOUTH COLLEGE HY,"$12,063 ",3.9%,$456
261 RIVER RD,"$61,910 ",0.8%,$475
261 DORCHESTER RD,"$14,138 ",9.8%,"$1,267"
263 ORFORD RD (LAND ONLY),$842 ,5.3%,$43
263 DORCHESTER RD,"$9,117 ",-3.4%,-$323
264 ORFORD RD,"$15,101 ",14.8%,"$1,947"
264 RIVER RD,"$17,282 ",-6.8%,"-$1,257"
265 DORCHESTER RD,"$12,547 ",14.8%,"$1,620"
266 DORCHESTER RD,$558 ,-15.5%,-$103
267 DORCHESTER RD,"$6,732 ",14.2%,$838
274 DORCHESTER RD,"$9,040 ",2.0%,$176
278 RIVER RD,"$17,477 ",-8.4%,"-$1,598"
280 ORFORD RD,"$18,634 ",-9.8%,"-$2,024"
280 GRAFTON TK,"$2,467 ",-9.7%,-$265
281 SMITH MOUNTAIN RD,$86 ,-9.7%,-$9
288 ORFORD RD,"$32,727 ",-7.5%,"-$2,642"
289 GOOSE POND RD,"$15,859 ",8.4%,"$1,228"
290 GOOSE POND RD,$105 ,-9.7%,-$12
290 DORCHESTER RD,"$18,745 ",-0.7%,-$130
293 BAKER HILL RD,"$12,858 ",1.0%,$131
294 DARTMOUTH COLLEGE HY,"$13,250 ",9.4%,"$1,139"
294 BAKER HILL RD,$635 ,11.9%,$68
298 BAKER HILL RD,"$12,509 ",0.7%,$83
299 RIVER RD,$570 ,11.4%,$59
300 DARTMOUTH COLLEGE HY,"$7,006 ",20.3%,"$1,184"
301 ORFORD RD,"$6,301 ",-4.4%,-$289
301 RIVER RD,"$3,422 ",-1.1%,-$38
302 ORFORD RD,"$10,802 ",-0.1%,-$8
303 RIVER RD,"$5,846 ",27.0%,"$1,242"
305 BAKER HILL RD,"$8,903 ",12.0%,$951
307 RIVER RD,"$7,829 ",6.2%,$455
307 DORCHESTER RD,"$7,858 ",3.2%,$244
310 GOOSE POND RD,"$4,866 ",0.0%,-$2
310 DARTMOUTH COLLEGE HY,"$20,031 ",-10.2%,"-$2,270"
311 RIVER RD,"$6,405 ",18.6%,"$1,007"
311 GOOSE POND RD,"$8,077 ",17.6%,"$1,207"
314 ORFORD RD,"$5,709 ",32.0%,"$1,383"
315 RIVER RD,"$25,338 ",22.9%,"$4,717"
319 RIVER RD,"$13,731 ",5.8%,$753
320 BAKER HILL RD,"$11,849 ",12.4%,"$1,308"
320 ORFORD RD,"$5,680 ",4.0%,$221
320 DORCHESTER RD,"$4,611 ",9.6%,$402
321 DORCHESTER RD,$81 ,-9.7%,-$9
321 BAKER HILL RD,"$10,082 ",27.9%,"$2,202"
322 GOOSE POND RD,"$11,861 ",-0.5%,-$58
323 RIVER RD,$154 ,15.6%,$21
327 RIVER RD,"$6,785 ",14.2%,$843
327 BAKER HILL RD,$79 ,-0.7%,$0
328 ORFORD RD,"$6,970 ",18.1%,"$1,068"
330 BAKER HILL RD,$67 ,-9.7%,-$7
330 RIVER RD,"$11,683 ",-0.8%,-$92
330 GRAFTON TK,$86 ,-9.7%,-$9
331 RIVER RD,"$20,416 ",5.0%,$981
331 BAKER HILL RD,"$5,297 ",25.5%,"$1,075"
333 GOOSE POND RD,"$9,286 ",-8.8%,-$892
334 GOOSE POND RD,$26 ,-9.7%,-$3
336 RIVER RD,"$12,213 ",-3.6%,-$453
339 RIVER RD,"$10,258 ",-4.5%,-$480
341 ORFORD RD,"$2,171 ",-9.6%,-$231
342 BAKER HILL RD,"$6,323 ",26.8%,"$1,338"
343 DORCHESTER RD,"$9,678 ",-1.3%,-$132
344 ORFORD RD,$166 ,-9.7%,-$17
345 GRAFTON TK,$495 ,-9.7%,-$54
346 ORFORD RD,"$6,441 ",6.2%,$379
347 BAKER HILL RD,"$12,730 ",-7.6%,"-$1,045"
349 GOOSE POND RD,"$8,364 ",4.7%,$374
353 DORCHESTER RD,"$11,972 ",1.5%,$178
354 GOOSE POND RD,"$2,416 ",14.7%,$310
355 ORFORD RD,"$7,033 ",11.8%,$744
359 DORCHESTER RD,"$10,287 ",23.0%,"$1,927"
360 RIVER RD,"$25,141 ",-1.7%,-$444
361 DORCHESTER RD,"$3,733 ",33.5%,$937
368 ORFORD RD,"$7,425 ",6.8%,$475
370 SMITH MOUNTAIN RD,$401 ,-9.7%,-$44
370 DORCHESTER RD,$62 ,-9.7%,-$7
371 GOOSE POND RD,$115 ,-9.7%,-$12
371 DORCHESTER RD,"$7,738 ",0.0%,-$4
375 RIVER RD,"$1,867 ",-9.5%,-$196
376 ORFORD RD,"$13,404 ",24.2%,"$2,613"
376 RIVER RD,"$15,270 ",-22.2%,"-$4,357"
376 DORCHESTER RD,"$10,922 ",1.0%,$109
378 DORCHESTER RD,"$13,159 ",11.7%,"$1,384"
379 DORCHESTER RD (LAND ONLY),$125 ,4.3%,$6
383 DORCHESTER RD,"$11,151 ",-3.3%,-$384
385 ORFORD RD,$495 ,-9.7%,-$54
393 ORFORD RD,"$7,774 ",-0.3%,-$24
393 DORCHESTER RD,"$12,538 ",-3.5%,-$450
394 ORFORD RD,"$20,189 ",0.7%,$149
395 SMITH MOUNTIAN RD,$50 ,-9.7%,-$5
396 ORFORD RD,"$10,484 ",6.3%,$626
399 ORFORD RD,$108 ,-9.7%,-$11
401 DORCHESTER RD,"$11,560 ",-0.2%,-$21
420 DORCHESTER RD,"$28,421 ",-5.3%,"-$1,592"
428 DORCHESTER RD,$9 ,-9.7%,-$1
429 RIVER RD,"$15,445 ",2.8%,$415
442 DORCHESTER RD,"$4,496 ",0.4%,$18
443 DORCHESTER RD,$334 ,-9.7%,-$36
461 DORCHESTER RD,$204 ,1.0%,$2
473 DORCHESTER RD,"$7,331 ",5.3%,$368
474 RIVER RD,"$30,508 ",-1.5%,-$470
498 RIVER RD,"$16,863 ",-4.6%,-$809
500 DORCHESTER RD,"$12,956 ",16.1%,"$1,794"
509 DORCHESTER RD,"$4,265 ",0.4%,$19
511 DORCHESTER RD,"$2,045 ",-0.6%,-$13
520 RIVER RD,"$7,777 ",13.2%,$905
520 DORCHESTER RD,$329 ,-9.7%,-$36
522 RIVER RD,"$12,838 ",-31.1%,"-$5,797"
525 DORCHESTER RD,$180 ,-0.4%,-$1
526 RIVER RD,"$12,068 ",1.7%,$202
530 RIVER RD,"$11,534 ",-21.4%,"-$3,136"
534 RIVER RD,"$13,435 ",2.2%,$287
535 RIVER RD,"$6,325 ",5.8%,$348
535 DORCHESTER RD,"$9,733 ",-0.7%,-$67
539 DORCHESTER RD,$142 ,-9.7%,-$15
545 DORCHESTER RD,"$4,416 ",-0.7%,-$33
550 DORCHESTER RD,$86 ,-9.7%,-$9
552 DORCHESTER RD,$31 ,-9.7%,-$3
560 RIVER RD,"$14,694 ",7.3%,$994
581 DORCHESTER RD,$264 ,-9.7%,-$29
591 RIVER RD,"$6,891 ",2.5%,$168
599 RIVER RD,"$27,579 ",5.8%,"$1,517"
601 DORCHESTER RD,$64 ,-9.7%,-$7
605 RIVER RD,"$10,537 ",-1.0%,-$111
608 RIVER RD,"$4,982 ",5.2%,$245
609 RIVER RD,"$13,982 ",4.1%,$551
610 RIVER RD,"$7,671 ",18.6%,"$1,204"
614 RIVER RD,"$3,299 ",1.7%,$55
615 DORCHESTER RD,"$4,404 ",16.4%,$619
616 RIVER RD,"$8,330 ",-3.2%,-$278
622 DORCHESTER RD,"$14,271 ",7.7%,"$1,019"
623 DORCHESTER RD,"$8,077 ",17.0%,"$1,175"
625 RIVER RD,"$20,695 ",9.0%,"$1,711"
625 DORCHESTER RD,"$2,216 ",3.2%,$68
626 DORCHESTER RD,$404 ,-7.5%,-$33
629 DORCHESTER RD,"$6,128 ",11.9%,$650
632 DORCHESTER RD,"$6,766 ",-0.7%,-$48
634 DORCHESTER RD,"$5,018 ",35.8%,"$1,323"
636 DORCHESTER RD,"$8,518 ",19.0%,"$1,363"
637 DORCHESTER RD (LAND ONLY),"$1,819 ",-3.3%,-$63
638 DORCHESTER RD,"$10,833 ",15.9%,"$1,489"
639 RIVER RD,"$12,311 ",4.0%,$472
641 DORCHESTER RD,"$4,303 ",101.0%,"$2,163"
642 RIVER RD,"$8,696 ",0.2%,$16
643 DORCHESTER RD,"$6,924 ",29.6%,"$1,579"
644 RIVER RD,"$6,804 ",6.0%,$385
645 DORCHESTER RD,"$10,588 ",21.5%,"$1,876"
651 RIVER RD,"$27,170 ",-9.3%,"-$2,795"
651 DORCHESTER RD,"$6,583 ",43.4%,"$1,993"
652+654 RIVER RD,"$6,520 ",24.0%,"$1,260"
655 RIVER RD,"$12,708 ",13.4%,"$1,501"
658 RIVER RD,"$5,629 ",30.8%,"$1,327"
658 DORCHESTER RD,"$5,634 ",13.8%,$684
664 RIVER RD,$36 ,-3.3%,-$1
667 RIVER RD,"$8,402 ",13.0%,$967
668 RIVER RD,"$7,834 ",-0.4%,-$36
669 RIVER RD,"$8,783 ",121.7%,"$4,822"
675 RIVER RD,"$12,783 ",25.7%,"$2,610"
680 DORCHESTER RD,$269 ,-9.7%,-$29
700 DORCHESTER RD,$154 ,-9.7%,-$16
711 RIVER RD,"$42,033 ",24.2%,"$8,197"
722 RIVER RD,"$11,584 ",-2.2%,-$263
729 RIVER RD,"$82,641 ",12.9%,"$9,433"
736 RIVER RD,"$10,001 ",-6.1%,-$655
738 RIVER RD,"$33,187 ",56.0%,"$11,918"
748 RIVER RD,$464 ,-0.4%,-$2
765 RIVER RD,"$42,575 ",8.5%,"$3,351"
767 RIVER RD,"$40,574 ",13.6%,"$4,871"
772 RIVER RD,"$15,773 ",-0.6%,-$92
